Date,Residential electricity price,Natural Gas Prices,Revenue,Sales,Customers,Total Generation,Average_load_DOM,HDD,CDD
202512,15.27,15.45,762574,4994059,3707509,9078.71,17109.74,462.2,0
202511,15.94,16.58,524406,3290504,3703207,6820.19,14324.4,249.1,0.6
202510,16.36,20.85,463526,2833744,3701796,6274.3,13428.84,105.2,10.3
202509,16.62,26.14,533761,3212354,3697469,8320.07,14679.02,3.1,105.3
202508,15.83,27.07,625827,3952698,3693032,10375.69,15699.18,0.5,153.6
202507,15.78,28.44,798144,5057214,3688612,11193.66,17994.64,0,278.2
202506,15.23,26.11,643136,4221545,3683595,10146.47,16551.11,4.3,208.8
202505,15.26,25.14,453110,2969666,3677026,7268.73,13567.27,26.1,62.5
202504,15.28,21.46,435362,2848428,3675696,6859.4,13196.57,100.9,37.4
202503,14.89,17.49,514588,3454963,3672236,8270.83,13518.37,215.4,12.6
202502,14.22,14.56,627242,4409868,3669420,8643.86,15785.19,367.7,0
202501,13.94,13.28,832754,5971784,3669337,9635.33,17477.29,536.9,0
202412,14.37,13.38,662952,4614360,3675789,8413.85,15346.54,387.7,0.1
202411,14.73,16.15,450827,3060926,3671070,6696.37,13078.54,186.2,13.9
202410,14.79,18.91,415511,2809600,3668616,7353.93,12467.42,82.6,22.7
202409,15.24,23.71,487259,3197933,3665424,8905.45,13575.19,2.5,111.2
202408,14.17,24.83,624217,4406331,3661776,10161.97,15595.33,0.6,224.6
202407,14.17,26.65,682434,4816598,3657458,10542.42,16519.62,0,276.2
202406,15.1,22.88,635123,4205075,3651188,9234.52,15405.78,0,218
202405,14.81,19.88,455254,3074330,3648012,6484.73,13053.04,18.2,89.9
202404,14.78,15.58,406407,2749949,3642727,6302.66,12167.01,100.6,27
202403,14.54,14.9,486230,3344298,3638698,8075.7,12590.72,218.5,1.8
202402,13.8,13.47,549510,3980979,3637652,8853.28,14017.51,332.2,0
202401,13.33,13.72,668308,5012446,3635348,9192.39,15116.31,412.6,3.1
202312,13.54,13.49,567567,4192866,3633002,7750.48,13850.16,329,0.4
202311,13.93,13.86,470764,3379217,3628293,6651.93,12948.12,264,1.1
202310,14.16,15.26,395170,2790178,3633122,6258.25,11885.16,77.4,30.7
202309,14.69,24.26,516168,3513697,3615758,7230.2,13427.02,4.3,137.8
202308,13.85,25.65,638299,4608194,3645545,9409.05,15071.43,0,234.4
202307,13.88,24.23,610315,4397714,3611486,9538.47,15748.83,0,277.8
202306,15.13,21.94,503863,3330706,3613715,7690.57,13081.4,2.7,118.2
202305,15.19,20.72,391584,2578464,3602182,6030.98,11687.98,46.5,26.6
202304,14.58,17.85,416484,2857236,3607183,5797.93,11576.46,91.3,29.3
202303,14.67,15.42,505558,3446796,3605997,7179.92,12381.74,264.3,0.7
202302,14.32,18.69,510446,3564687,3597799,6837.15,13010.82,265.3,1.9
202301,13.96,18.42,619292,4436083,3597143,8166.63,13427.74,336.8,0.4
202212,13.81,15.65,673314,4875536,3601932,7864.22,14443.87,421.1,0
202211,14.32,17,464859,3246405,3598275,6479.81,12297.42,221.1,16
202210,14.41,19.82,402202,2792058,3593030,6031.73,11145.87,131.4,4.7
202209,14.58,25.95,498863,3422427,3591539,6994.26,12727.38,11.3,133
202208,14.14,27.87,637649,4510417,3589735,8884.75,14628.4,0,233.7
202207,14.23,26.86,693280,4873584,3583484,9213.42,15009.05,0,259.5
202206,13.32,25.06,513553,3856945,3579973,8207.99,13441.82,0.1,158.9
202205,12.82,19.4,399716,3118697,3576002,6397.5,11803.13,39.1,79.7
202204,12.66,21.44,360158,2845048,3574431,4998.5,10975.29,147,17.9
202203,12.37,14.32,427155,3452698,3574837,6720.33,11645.08,240.4,7.2
202202,11.93,13.27,550928,4617310,3568093,6674.84,13187.83,341.9,0
202201,11.97,12.7,611466,5106422,3569106,7691.72,14823.78,508.2,0.4
202112,11.71,13.87,490192,4186480,3572225,7699.04,12105.16,294.6,0
202111,11.81,14.33,397083,3363399,3570855,6729.11,11798.09,291.9,0
202110,12.37,21.01,366178,2960912,3565902,6596.83,10882.86,37.2,44
202109,12.33,23.44,458291,3716740,3562972,7155.79,12282.89,3.5,116.7
202108,12.71,25.2,575498,4528894,3559882,9206.73,14289.29,0,245.4
202107,12.53,23.15,594292,4744167,3555647,9348.42,14251.44,0,255.1
202106,12.41,22.47,486900,3925044,3552175,8175.44,13074.94,1.2,187.5
202105,12.06,18.18,356501,2955617,3547423,5833.35,10781.69,57.4,66.3
202104,12.66,14.05,308690,2438398,3542697,6660.68,10335.17,127.3,17.7
202103,11.55,12.22,442885,3835624,3542519,7651.86,11126.5,243.6,7.4
202102,11.24,11.49,531587,4729665,3517951,7190.93,13578.34,404.1,0
202101,10.89,10.59,571489,5249471,3528110,7805.89,13248.36,447.7,0
202012,11.17,11.49,570346,5107313,3530039,8546.87,12702.86,390.7,0
202011,11.59,14.61,376740,3249540,3526651,6623.46,10476.6,174.1,4.8
202010,12.41,16.56,300051,2417739,3523023,6794.64,9944.13,67.2,25.2
202009,12.02,19.16,419610,3491754,3519317,7422.27,11199.31,18.6,109.2
202008,12.27,20.47,600824,4895505,3515544,9862.02,13278.62,0,251.2
202007,12.21,19.43,659174,5396579,3511323,10724.41,14427.77,0,311.7
202006,12.31,16.19,504477,4098633,3505979,8359.52,11990.3,1.9,172
202005,12.3,12.19,374295,3043111,3498143,7467.17,9771.03,75.6,50.5
202004,12.67,12.42,353428,2789625,3493907,7671.73,9375.03,158,7
202003,12.21,11.56,398955,3268769,3490829,8710.91,10184.14,198.9,10.6
202002,12.07,10.95,448220,3714713,3484488,8415.47,11611.86,320.1,0
202001,11.63,11.9,536828,4615565,3482885,9328.65,12004.71,374.8,0.5
201912,11.73,11.86,524252,4468257,3480381,8401.77,11879.34,362.1,0
201911,12.12,11.77,422918,3490816,3479596,6263.77,11078.86,312.6,0
201910,12.39,18.56,365483,2949157,3476071,5987.89,10004.41,63.5,44.2
201909,12.14,20.73,454646,3743621,3472538,7691.46,11883.29,1.3,167.6
201908,12.44,22.5,542274,4358126,3470196,9631.73,12964.53,0,228.6
201907,12.16,21.48,616610,5068867,3466707,10043.73,13858.25,0,274.7
201906,12.56,19.89,481308,3831230,3461070,8718.06,11972.5,1.7,174.2
201905,12.46,17.52,393049,3153353,3458781,6573.25,11100.1,17.1,127.9
201904,12.44,13.06,341522,2746416,3455941,6257.72,9591.83,86.3,29.3
201903,11.78,11.4,451980,3837152,3454148,7305.13,11093.49,318.9,2
201902,11.55,11.38,469518,4066311,3451231,7967.11,11913.96,333.8,0
201901,11.48,10.73,568505,4952858,3449453,8527.55,12964.61,463,0
201812,10.97,11.36,506479,4618825,3448028,8477.16,11949.04,381.3,0
201811,11.6,11.92,406146,3500191,3444237,6868.98,11023.6,296,4.2
201810,11.84,15.98,375124,3169097,3440256,5833.51,10384.8,114.3,68.3
201809,12.01,19.7,453958,3780443,3437276,8190.93,11988.9,2.9,185.5
201808,12.27,20.67,550424,4485672,3437024,9196.71,13146.79,0,244.5
201807,12.26,20.57,555028,4526825,3430885,8844.46,12797.05,0,224.8
201806,12.33,18.33,491897,3989333,3429127,8281.37,12120.76,1.1,182.3
201805,12.22,14.27,384141,3143794,3425429,6736.8,10873.71,8.2,132.3
201804,11.79,10.99,369365,3132203,3424379,5686.24,9576.15,176.2,10.7
201803,11.67,9.41,442783,3794910,3422530,7263.7,11344.86,377.1,1.9
201802,11.41,11.66,436327,3823352,3419165,7368.96,11232.37,281.4,4.3
201801,10.88,10.08,652805,5997961,3420559,8457.34,13867.79,514.4,0.2
