Locality,Name,Street_Address,Acres,Building_Sq_Ft,Construction_Type,Build_Status,Lat,Long,Date_Updated,Lat1
Caroline County,Mattameade Tech Campus,Stonewall Jackson Road just east of the Mudd Tavern,916.07,"4,500,000",New,Proposed,38.11464706,-77.49115332,4/10/2024,38.11464706
Caroline County,VALCO Data Center Park,Mt Airy Road,855,"1,216,000",New,Proposed,37.92410305,-77.54387212,4/10/2024,37.92410305
Caroline County,Carmel Church Data Hub,Welcom Way Dr,97,"1,600,000",New,Proposed,37.93932712,-77.47797277,4/10/2024,37.93932712
Chesterfield County,Digital Fortress: Richmond,1401 MEADOWVILLE TECH PARKWAY,74.8,"242,042",Complete,Existing,37.36048164,-77.3274112,4/10/2024,37.36048164
Chesterfield County,Virginia Information Technologies Agency,11751 MEADOWVILLE LANE,28.14,"192,195",Complete,Existing,37.36041473,-77.33177783,4/10/2024,37.36041473
Culpeper County,Equinix,  18155 TECHNOLOGY DR,30.12,"370,000",Complete,Existing,38.45493884,-77.9782759,4/10/2024,38.45493884
Culpeper County,SWIFT,,,"90,000",Complete,Existing,38.45553926,-77.98348028,4/10/2024,38.45553926
Culpeper County,Cielo Digital Infrastructure,Cielo Digital Infrastructure,120.89,"1,400,000",New,Proposed,38.46678642,-77.96353121,4/10/2024,38.46678642
Culpeper County,CloudHQ,14521 MCDEVITT DR,98.56,"2,100,000",New,Proposed,38.46163914,-77.97761531,4/10/2024,38.46163914
Culpeper County,Copper Ridge,,,"2,200,000",New,Proposed,38.46529475,-77.98738914,4/10/2024,38.46529475
Culpeper County,Culpeper Technology Campus,,,"2,100,000",New,Proposed,38.460241,-77.98773076,4/10/2024,38.460241
Culpeper County,Marvell Developments,20420 GERMANNA HWY,223.28,"445,000",New,Proposed,38.43580249,-77.87576086,4/10/2024,38.43580249
Culpeper County,DataBank,14601 GERMANNA HWY,84.79,"900,000",New,Proposed,38.44995873,-77.97818589,4/10/2024,38.44995873
Culpeper County,Keyser Farm,15140 KEYSER RD,61.75,1506582,New,Proposed,38.46971066,-77.97375268,4/10/2024,38.46971066
Fairfax County,Amazon Web Services Mallory,14501 AVION PKWY,47.69,"440,870","Operating, Expanding",Existing,38.90492701,-77.45381063,4/10/2024,38.90492701
Fairfax County,AWS Westfax A,4101 WESTFAX DR ,6.02,"95,000",Complete,Existing,38.89798901,-77.45402906,4/10/2024,38.89798901
Fairfax County,AWS Westfax B,4100 WESTFAX DR,7.05,"95,000",Complete,Existing,38.89959217,-77.45343897,4/10/2024,38.89959217
Fairfax County,BIT HOLDINGS FIFTY-FOUR,12902 FEDERAL SYSTEMS PARK DR,14.06,"338,364",Complete,Existing,38.86084188,-77.39341084,4/10/2024,38.86084188
Fairfax County,CHANTILLY TECHNOLOGY PARTNERS,4030 LAFAYETTE CENTER DR,11.62,"145,409",Complete,Existing,38.91006955,-77.47269439,4/10/2024,38.91006955
Fairfax County,COPT STONECROFT,4850 STONECROFT BLVD,64.12,"320,330",Complete,Existing,38.87626236,-77.46177616,4/10/2024,38.87626236
Fairfax County,Coresite 12100 SV & 12098 SV,12379 A SUNRISE VALLEY DR,12.68,"332,957","Operating, Expanding",Existing,38.94845694,-77.371707,4/10/2024,38.94845694
Fairfax County,Coresite 12100 SV & 12098 SV,12379 A SUNRISE VALLEY DR,0,"610,643",Expansion,Proposed,38.94845694,-77.371707,4/10/2024,38.94845694
Fairfax County,SUNRISE TECHNOLOGY PARK,12098 SUNRISE VALLEY DR,13.74,"423,341",Complete,Existing,38.95070431,-77.36489041,4/10/2024,38.95070431
Fairfax County,LEMUR PROPERTIES LLC,1780 BUSINESS CENTER DR,8.58,"264,888",Complete,Existing,38.94855576,-77.32713967,4/10/2024,38.94855576
Fairfax County,ELIAS DC ASSETS,1764 A OLD MEADOW LN,1.97,"69,089",Complete,Existing,38.91997921,-77.21347607,4/10/2024,38.91997921
Fairfax County,Equinix DC 97,460 SPRINGPARK PL,2.99,"63,912",Complete,Existing,38.96167052,-77.37743129,4/10/2024,38.96167052
Fairfax County,LEE ROAD PROPERTY,14558 LEE RD,1.25,"20,118",Complete,Existing,38.89053684,-77.45367771,4/10/2024,38.89053684
Fairfax County,Northrop Grumman Systems Corporation,7555 COLSHIRE DR,11.79,"602,257",Complete,Existing,38.92187671,-77.20684374,4/10/2024,38.92187671
Fairfax County,Northrop Grummon Systems Corporation,2980 FAIRVIEW PARK DR,6.44,"358,898",Complete,Existing,38.86781411,-77.21562208,4/10/2024,38.86781411
Fairfax County,RDC-1807 MICHAEL FARADAY COURT,1807 MICHAEL FARADAY CT ,1.9,"30,609",Complete,Existing,38.94886307,-77.32922339,4/10/2024,38.94886307
Fairfax County,Roosevelt Building,1755 OLD MEADOW RD,3.76,"72,546",Complete,Existing,38.91998209,-77.21175663,4/10/2024,38.91998209
Fairfax County,Science Applications International Corp (SAIC),12010 SUNSET HILLS RD,6.42,0,Complete,Existing,38.95265185,-77.3499866,4/10/2024,38.95265185
Fairfax County,TFG INDEPENDENCE CENTER I PROPERTY,15036 CONFERENCE CENTER DR,10.9,"293,514",Complete,Existing,38.88027303,-77.46223559,4/10/2024,38.88027303
Fairfax County,Tysons Enterprise West,7990 Quantum Dr,0,"202,500",Complete,Existing,38.90900557,-77.22049996,4/10/2024,38.90900557
Fairfax County,VA 95 BUILDING NINE LP,7600 BOSTON BLVD,4.32,"69,832",Complete,Existing,38.73919219,-77.20798002,4/10/2024,38.73919219
Fairfax County,Valo Park,7950 JONES BRANCH DR,16.74,"842,366",Complete,Existing,38.93238559,-77.21859114,4/10/2024,38.93238559
Fairfax County,AVION DATA CENTER,14501 AVION PKWY,0,"768,392",Expansion,Proposed,38.90454295,-77.45267338,4/10/2024,38.90454295
Fairfax County,AWS Loisdale Station,7961 Loisdale Rd,23.41,"240,000",New,Proposed,38.74226677,-77.18642689,4/10/2024,38.74226677
Fairfax County,"PARKSTONE TECH PARK, LLC",Conference Center Dr,18.92,"500,000",New,Proposed,38.87255032,-77.46563256,4/10/2024,38.87255032
Fairfax County,PDCREF 2 Chantilly,Lee Jackson Memorial HWY,79.14,"402,000",New,Proposed,38.90305684,-77.46525084,4/10/2024,38.90305684
Fairfax County,Perspecta Datacenter Campus,13600 EDS DR,47.95,"271,471","Operating, Expanding",Existing,38.92334599,-77.42683496,4/10/2024,38.92334599
Fairfax County,Perspecta Datacenter Campus,13600 EDS DR,0,"1,046,632",New,Proposed,38.92334599,-77.42683496,4/10/2024,38.92334599
Fairfax County,Renaissance Technology Park,13850 PARK CENTER RD,13.23,"2,136,040",New,Proposed,38.93244586,-77.42386514,4/10/2024,38.93244586
Fauquier County,DATA CENTER VINT HILL,6872 WATSON CT,8.57,"84,199",Complete,Existing,38.74741879,-77.6742572,4/10/2024,38.74741879
Fauquier County,Gigaland Remington,LUCKY HILL LLC,202,"1,600,000",New,Proposed,38.53448373,-77.78286972,4/10/2024,38.53448373
Fauquier County,Maple Tree Farm,8275 MAPLE TREE LN,42.57,0,New,Proposed,38.69158561,-77.77972928,4/10/2024,38.69158561
Fauquier County,Remington Technology Park,6980 HELM DR,234,"1,700,000",New,Proposed,38.54050798,-77.7890749,4/10/2024,38.54050798
Fauquier County,SAMX Data Center,11825 REMINGTON RD,55.25,"1,140,000",New,Proposed,38.54318157,-77.78340316,4/10/2024,38.54318157
Fauquier County,Vint Hill Technology Campus (CyrusOne),Vint Hill Pkwy,48,"981,000",New,Proposed,38.75228175,-77.67349626,10/10/2025,38.75228175
Fauquier County,Warrenton Amazon Data Center,719 BLACKWELL RD,41.71,"220,000",New,Proposed,38.72947429,-77.7875309,4/10/2024,38.72947429
Frederick County,Middletown Data Center,8209 Valley Pike,6.15,"33,483",Complete,Existing,39.01765012,-78.29093138,4/10/2024,39.01765012
Hanover County,Pixel Factory,9680 ATLEE COMMONS DRIVE,1,"6,000",Complete,Existing,37.69900902,-77.4362707,4/10/2024,37.69900902
Hanover County,Tract Technology Campus,Hickory Hill Rd,1212,"11,000,000",New,Proposed,37.78619822,-77.4403959,4/10/2024,37.78619822
Harrisonburg City,DBT Data Cyber Integration Center,139 TYCO ST,12,"95,500",Complete,Existing,38.46248816,-78.85679395,4/10/2024,38.46248816
Harrisonburg City,DBT DATA Cyber Integration Center,139 TYCO ST,0,"30,000",Expansion,Proposed,38.46248816,-78.85679395,4/10/2024,38.46248816
Henrico County,Bank of America,6050 TECHNOLOGY CREEK DR,65,"382,408",Complete,Existing,37.49566163,-77.23807993,4/10/2024,37.49566163
Henrico County,Cavalier Innsbrook Data Center,4551 COX RD,,,Complete,Existing,37.66087584,-77.5739227,4/10/2024,37.66087584
Henrico County,EdgeConneX Richmond - EDCRIC01,1450 E PARHAM RD,9.57,"17,888",Complete,Existing,37.63891965,-77.46778456,4/10/2024,37.63891965
Henrico County,6200 TECHNOLOGY BLVD,6200 TECHNOLOGY BLVD,172.05,"320,459",Complete,Existing,37.48184863,-77.23646395,4/10/2024,37.48184863
Henrico County,7301 TECHNOLOGY BLVD,7301 TECHNOLOGY BLVD,129.27,"338,899",Complete,Existing,37.47831145,-77.22688023,4/10/2024,37.47831145
Henrico County,Infotel Systems Data Center,6008 HERMITAGE RD,0.7,572,Complete,Existing,37.61285122,-77.47348365,4/10/2024,37.61285122
Henrico County,Lumen Richmond 1,8851 PARK CENTRAL DR,5.7,"36,508",Complete,Existing,37.64678362,-77.43844303,4/10/2024,37.64678362
Henrico County,Lumen Richmond 2,8145 Staples Mill Road,,"5,522",Complete,Existing,37.62389546,-77.50267372,4/10/2024,37.62389546
Henrico County,White Oak Tech Park (QTS),6000 TECHNOLOGY BLVD,210,"769,186",Complete,Existing,37.48946489,-77.24603356,4/10/2024,37.48946489
Henrico County,Project Tropical,3951 PORTUGEE RD,475.3,"675,000",Expansion,Proposed,37.47379852,-77.23477836,4/10/2024,37.47379852
Henrico County,Atlantic Crossing,2801 OLD WILLIAMSBURG RD,530.47,0,New,Proposed,37.50428628,-77.26042683,4/10/2024,37.50428628
King George County,Birchwood AWS,10900 BIRCHWOOD DR,869,"7,250,000",New,Proposed,38.26640245,-77.31772806,4/10/2024,38.26640245
Loudoun County,Loudoun Commerce Center,45975 Nokes Blvd,14.31,"311,670",Redevelopment,Proposed,39.02239824,-77.41006855,4/10/2024,39.02239824
Loudoun County,MECP 1 ASHBURN 2 LLC,45831 MARIES RD,10,"348,000",New,Proposed,39.02199013,-77.41511893,8/1/2025,39.02199013
Loudoun County,NV-8 CYRUSONE,45905 MARIES RD,9.68,"154,100",Complete,Existing,39.02124555,-77.41336558,4/10/2024,39.02124555
Loudoun County,CYXTERA DC2 COLOCATION,45901 NOKES BLVD,6.24,"89,072",Complete,Existing,39.02324816,-77.41318261,4/10/2024,39.02324816
Loudoun County,Manekin Plaza,46000 MANEKIN PLZ,7.34,"313,000",Redevelopment,Proposed,39.02377354,-77.40789059,4/10/2024,39.02377354
Loudoun County,MARIES TECH PARK LLC,45761 MARIES RD,19.5,"426,710",Complete,Existing,39.02399856,-77.41950271,4/10/2024,39.02399856
Loudoun County,45845 NOKES BLVD,45845 NOKES BLVD,6.02,"79,300",Complete,Existing,39.02386667,-77.41526808,4/10/2024,39.02386667
Loudoun County,C1 NORTHERN VA - STERLING I-III,21111 Ridgetop,14.34,"420,000",Complete,Existing,39.02606689,-77.41453647,4/10/2024,39.02606689
Loudoun County,CYXTERA COLOCATION,21110 RIDGETOP CIR,8.49,"135,500",Complete,Existing,39.0248014,-77.41233467,4/10/2024,39.0248014
Loudoun County,Vantage V2 Campus 22318 Glenn Drive,22435 GLENN DR  ,18.44,"565,680",Complete,Existing,38.99797264,-77.43019022,4/10/2024,38.99797264
Loudoun County,CPUS STERLING LP,45900 PATHFINDER PLZ,33.04,"441,780",Complete,Existing,38.98774634,-77.4108618,4/10/2024,38.98774634
Loudoun County,23005 INTERNATIONAL DR,23005 INTERNATIONAL DR,8.3,"169,960",Complete,Existing,38.97999809,-77.42562186,4/10/2024,38.97999809
Loudoun County,22945 INTERNATIONAL DR AWS,22945 INTERNATIONAL DR,17.41,"147,900",Complete,Existing,38.98215669,-77.42751353,4/10/2024,38.98215669
Loudoun County,DULLES NCP LLC,22916 INTERNATIONAL DR,13,"203,200",Complete,Existing,38.98239872,-77.42485244,4/10/2024,38.98239872
Loudoun County,WATERSIDE AWS,22900 PLATFORM PLZ,73.9,"976,046",Complete,Existing,38.98124896,-77.4179307,4/10/2024,38.98124896
Loudoun County,NV-4 CYRUSONE LLC,"22811 INTERNATIONAL DR",9.95,"128,500",Complete,Existing,38.98468471,-77.42581523,4/10/2024,38.98468471
Loudoun County,IAD2 Evoque Cyxtera,22810 INTERNATIONAL DR,12.15,"118,541",Complete,Existing,38.98419476,-77.42401873,4/10/2024,38.98419476
Loudoun County,Dulles 2000 Redevelopment,,15.35,"530,550",New,Proposed,38.97512596,-77.42687087,4/10/2024,38.97512596
Loudoun County,VISA USA INC,44901 RUSSELL BRANCH PKWY,41.28,"365,855",Complete,Existing,39.04920476,-77.44556813,4/10/2024,39.04920476
Loudoun County,BEAUMEADE LC PHASE III LLC,20935 LOUDOUN COUNTY PKWY,10.12,"147,600",Complete,Existing,39.0363794,-77.44978929,4/10/2024,39.0363794
Loudoun County,PowerHouse/AREP ABX-1,21529 BEAUMEADE CIR,10.18,"259,194",Complete,Existing,39.01957896,-77.45049386,4/10/2024,39.01957896
Loudoun County,DC 21/IAD 98,45305 W SEVERN WAY,24.36,"296,380",Complete,Existing,39.01945652,-77.43400188,4/10/2024,39.01945652
Loudoun County,GI TC 45360 SEVERN WAY LLC,45360 W SEVERN WAY,7.66,"126,900",Complete,Existing,39.02167671,-77.43291713,4/10/2024,39.02167671
Loudoun County,1304 SQUIRE CT,1304 SQUIRE CT,2.82,"36,000",Complete,Existing,39.02152866,-77.43475817,4/10/2024,39.02152866
Loudoun County,Dulles 28 Technology Park,45870 MEMPHIS PLZ,26.24,"685,000",New,Proposed,39.00840125,-77.44290564,8/6/2025,39.00840125
Loudoun County,Paragon Park Lot 3B,Intersection of Pacific Blvd and Charles View Dr,49.73,"405,611",New,Proposed,39.01517048,-77.43475172,8/6/2025,39.01517048
Loudoun County,21641 CHARLES VIEW DR,21641 CHARLES VIEW DR,53.96,"685,682",Complete,Existing,39.0179646,-77.43968178,4/10/2024,39.0179646
Loudoun County,DULLES NORTH CORPORATE PARK 8,,10.4,"262,000",New,Proposed,38.99534216,-77.43255921,4/10/2024,38.99534216
Loudoun County,QTS BRODERICK ACQUISITION CO LLC,22271 BRODERICK DR,16.33,"427,300",Complete,Existing,38.99910296,-77.44981788,4/10/2024,38.99910296
Loudoun County,VERISIGN INC,22340 DRESDEN ST,14.45,"64,300",Complete,Existing,38.99773902,-77.4436832,4/10/2024,38.99773902
Loudoun County,22370 KIPPER DR AWS,22370 KIPPER DR,14.36,"203,460",Complete,Existing,38.99696471,-77.43580741,4/10/2024,38.99696471
Loudoun County,NVA01 STACK INFRASTRUCTURE,22080 PACIFIC BLVD,15.98,"180,000",Complete,Existing,39.0045421,-77.4419761,4/10/2024,39.0045421
Loudoun County,SENTINEL ASHBURN II,22262 CLOUD PLZ,23.84,"234,100",Complete,Existing,39.0006039,-77.43985679,4/10/2024,39.0006039
Loudoun County,VANTAGE DATA CENTERS VA11,45200 VANTAGE DATA PLZ,17.68,"253,352",Complete,Existing,39.00213374,-77.43737852,4/10/2024,39.00213374
Loudoun County,VANTAGE DATA CENTERS VA12,45194 VANTAGE DATA PLZ,19.04,"228,606",Complete,Existing,39.00305364,-77.44010205,4/10/2024,39.00305364
Loudoun County,DIGITAL LOUDOUN IV,22125 BRODERICK DR,111.7,"800,702",Complete,Existing,39.0051437,-77.45119527,4/10/2024,39.0051437
Loudoun County,Arcola Pacific Campus,22020 BRODERICK DR,43.29,"1,100,000",Redevelopment,Proposed,39.00486343,-77.44698918,4/10/2024,39.00486343
Loudoun County,FR SUMMIT AWS,22630 DULLES SUMMIT CT,10.31,"149,200",Complete,Existing,38.98870993,-77.44764983,4/10/2024,38.98870993
Loudoun County,MCP 22745 & 22755 RELOCATION DRIVE,22745 RELOCATION DR,16.69,"251,091",Complete,Existing,38.98649106,-77.44223349,4/10/2024,38.98649106
Loudoun County,PROLOGIS PARK GATEWAY II,45180 GLOBAL PLZ,11.2,"294,000",Redevelopment,Proposed,38.98794962,-77.43817449,4/10/2024,38.98794962
Loudoun County,DCT DULLES PHASE II,22651 DULLES SUMMIT CT,5.85,"75,800",Complete,Existing,38.99059927,-77.4488546,4/10/2024,38.99059927
Loudoun County,113 EXECUTIVE DR Prologis,113 EXECUTIVE DR,9.4,"750,000",Redevelopment,Proposed,38.99066772,-77.44434517,4/10/2024,38.99066772
Loudoun County,22660 Executive Dr Prologis,22660 Executive Dr,7.8,0,Redevelopment,Proposed,38.98975252,-77.44206104,4/10/2024,38.98975252
Loudoun County,Aligned Energy Data Center,22715 RELOCATION DR,10.14,"306,224",Complete,Existing,38.98848953,-77.44085572,8/1/2025,38.98848953
Loudoun County,DIGITAL STERLING PREMIER,22574 PACIFIC BLVD,13.8,"258,252",Complete,Existing,38.99003896,-77.43467403,4/10/2024,38.99003896
Loudoun County,IAD76,22520 RANDOLPH DR,13.96,"138,900",Complete,Existing,38.99405639,-77.45023482,4/10/2024,38.99405639
Loudoun County,DATA CENTER BUILDING C,22631 DULLES SUMMIT CT,7.43,"103,000",Complete,Existing,38.9917194,-77.44855245,4/10/2024,38.9917194
Loudoun County,IAD03,22580 RELOCATION DR,12.89,"180,355",Complete,Existing,38.99307681,-77.43411536,8/6/2025,38.99307681
Loudoun County,QTS Ashburn-Moran,1506 MORAN RD,2.99,"65,058",Complete,Existing,38.99446223,-77.44814117,4/10/2024,38.99446223
Loudoun County,1501 Moran Road,1501 Moran Road,7.65,"285,000",New,Proposed,38.99519698,-77.44622511,8/6/2025,38.99519698
Loudoun County,22350 KIPPER DR AWS,22350 KIPPER DR,10.65,"203,460",Complete,Existing,38.99508858,-77.43511004,4/10/2024,38.99508858
Loudoun County,IAD3 Evoque Cyxtera,22995 WILDER CT,11.51,"130,400",Complete,Existing,38.98105939,-77.44433907,4/10/2024,38.98105939
Loudoun County,IAD114,20945 LOUDOUN COUNTY PKWY,10.7,"147,600",Complete,Existing,39.03563056,-77.45093717,4/10/2024,39.03563056
Loudoun County,21551 BEAUMEADE CIR,21551 BEAUMEADE CIR,10.73,"152,400",Complete,Existing,39.02088482,-77.45114126,4/10/2024,39.02088482
Loudoun County,ACC5 ACC6 Digital Realty,44521 HASTINGS DR,30.44,"518,449",Complete,Existing,39.02070229,-77.46347144,4/10/2024,39.02070229
Loudoun County,44470 Chilum Place,44470 CHILUM PL,22.1,"100,121",Complete,Existing,39.02220796,-77.46144166,4/10/2024,39.02220796
Loudoun County,44490 CHILUM PL,44490 CHILUM PL,0,"87,560",Complete,Existing,39.02134109,-77.45830079,4/10/2024,39.02134109
Loudoun County,44520 HASTINGS DR,44520 HASTINGS DR,0,"148,717",Complete,Existing,39.01993471,-77.45988872,4/10/2024,39.01993471
Loudoun County,21745 BEAUMEADE CIR,21745 BEAUMEADE CIR,22.6,"455,793",Complete,Existing,39.01851166,-77.45889795,4/10/2024,39.01851166
Loudoun County,21673 BEAUMEADE CIRCLE LLC,21673 BEAUMEADE CIRCLE,0,"544,207",Expansion,Proposed,39.01941242,-77.45794519,4/10/2024,39.01941242
Loudoun County,MONTEREY DC ASSETS,21571 BEAUMEADE CIR,14.15,"164,455",Complete,Existing,39.02194221,-77.45328952,4/10/2024,39.02194221
Loudoun County,44790 PERFORMANCE CIR,44790 PERFORMANCE CIR,44.53,"672,244",Complete,Existing,39.02357221,-77.45090467,4/10/2024,39.02357221
Loudoun County,RAGING WIRE VA1,44664 GUILFORD DR,7.2,"109,300",Complete,Existing,39.02266089,-77.4548714,4/10/2024,39.02266089
Loudoun County,BCORE COPT DC-15,44862 INTERCONNECTION PL,37.9,"446,732",Complete,Existing,39.02639748,-77.45114855,4/10/2024,39.02639748
Loudoun County,DBT-DATA ASHBURN HOLDING I,44610 GUILFORD DR,4.74,"123,200",Complete,Existing,39.02489857,-77.45765052,4/10/2024,39.02489857
Loudoun County,DC 8 9 10 DE,21271 SMITH SWITCH RD,34.74,"429,711",Complete,Existing,39.02907864,-77.45896392,4/10/2024,39.02907864
Loudoun County,21955 LOUDOUN COUNTY PKWY,21955 LOUDOUN COUNTY PKWY,29.96,"983,994",Complete,Existing,39.01002754,-77.46273662,4/10/2024,39.01002754
Loudoun County,21455 Beaumeade Circle,Corner of Beaumeade Circle and Waxpool Rd,16.36,"265,000",New,Proposed,39.01153585,-77.45264742,4/10/2024,39.01153585
Loudoun County,DIGITAL REALTY ACC10,21744 SIR TIMOTHY DR,16.56,"288,400",Complete,Existing,39.01327692,-77.46601762,4/10/2024,39.01327692
Loudoun County,44621 WAXPOOL RD,44621 WAXPOOL RD,15.73,"493,504",Complete,Existing,39.01213849,-77.4629108,4/10/2024,39.01213849
Loudoun County,CLOUD HQ LC3,44631 WAXPOOL RD,15.38,"585,593",Complete,Existing,39.01115409,-77.45961026,4/10/2024,39.01115409
Loudoun County,EQUINIX DC21,22175 BEAUMEADE CIR,10.18,"156,458",Complete,Existing,39.01186426,-77.45481385,4/10/2024,39.01186426
Loudoun County,EQUINIX ASHBURN EAST,22165 BEAUMEADE CIR,9.7,"361,600",New,Proposed,39.01382868,-77.45398778,8/6/2025,39.01382868
Loudoun County,21310 BEAUMEADE CIR,21310 BEAUMEADE CIR,8.68,"190,250",Complete,Existing,39.01584869,-77.45340782,4/10/2024,39.01584869
Loudoun County,H5 CAPITAL-ASHBURN,21800 BEAUMEADE CIR,5.25,"228,816",Complete,Existing,39.01373262,-77.45174904,4/10/2024,39.01373262
Loudoun County,ALIGNED DATA CENTER IAD01,21890 UUNET DR,8.85,"368,600",Complete,Existing,39.01393563,-77.46997356,4/10/2024,39.01393563
Loudoun County,BLUE SLING ACC 9,21745 SIR TIMOTHY DR,18.82,"362,100",Complete,Existing,39.01549243,-77.46757943,4/10/2024,39.01549243
Loudoun County,Digital Filigree,21780 FILIGREE CT,13.13,"342,003",Redevelopment,Proposed,39.01367629,-77.45641678,8/6/2025,39.01367629
Loudoun County,21320 BEAUMEADE CIR,21320 BEAUMEADE CIR,9.56,"190,250",Complete,Existing,39.01704513,-77.4522879,4/10/2024,39.01704513
Loudoun County,ACC7 Digital Realty,21625 GRESHAM DR,23.33,"446,500",Complete,Existing,39.01753003,-77.46567818,4/10/2024,39.01753003
Loudoun County,Filigree Ct Campus,21701 FILIGREE CT,31.97,"679,455",Complete,Existing,39.01585308,-77.45988623,4/10/2024,39.01585308
Loudoun County,IAD Round Table Campus Digital Realty,44274 ROUND TABLE PLZ,93.69,"1,564,173",Complete,Existing,39.00662947,-77.46619629,4/10/2024,39.00662947
Loudoun County,"IAD 41, IAD 42, BLDG P",44757 ROUND TABLE PLZ,31.73,"789,300",Complete,Existing,39.00840765,-77.45794438,4/10/2024,39.00840765
Loudoun County,QTS Lockridge ASH2 Quality Tech Lane DC2,44655 QUALITY TECH LN,9.03,"252,473",Complete,Existing,38.99543448,-77.45692425,4/10/2024,38.99543448
Loudoun County,QTS Lockridge ASH2 Quality Tech Lane DC1,44675 QUALITY TECH LN,14.44,"308,630",Complete,Existing,38.99553454,-77.45531493,4/10/2024,38.99553454
Loudoun County,19508 Freedom Trail Road,19508 Freedom Trail Road,108.01,"1,100,000",New,Proposed,39.07646408,-77.49912608,4/10/2024,39.07646408
Loudoun County,21821 UUNET DR,21821 UUNET DR,10.85,"438,460",Complete,Existing,39.01025528,-77.47497478,4/10/2024,39.01025528
Loudoun County,EQUINEX DC13,21830 UUNET DR,6.21,"108,300",Complete,Existing,39.01260183,-77.47533285,4/10/2024,39.01260183
Loudoun County,ALIGNED ENERGY DATA CENTERS ASHBURN,21838 UUNET DR,6.15,"107,253",Complete,Existing,39.01321236,-77.47296648,4/10/2024,39.01321236
Loudoun County,Red Rum Dr Campus Sabey Data Centers,21735 RED RUM DR,34.35,"400,232",Complete,Existing,39.01470116,-77.47845566,4/10/2024,39.01470116
Loudoun County,IAD3 DataBank,21630 RED RUM DR,10.97,"286,800",Complete,Existing,39.01779141,-77.48172298,4/10/2024,39.01779141
Loudoun County,QTS DATA CENTER ASH3-DC1,22291 SHELLHORN RD,14.3,"310,717",Complete,Existing,38.998035,-77.47548065,4/10/2024,38.998035
Loudoun County,ASH3 DC2,22271 SHELLHORN RD,10.92,"302,180",Complete,Existing,38.99865778,-77.47419201,4/10/2024,38.99865778
Loudoun County,IAD12,43881 DEVIN SHAFRON DR,10.36,"180,000",Complete,Existing,39.00198339,-77.48332173,4/10/2024,39.00198339
Loudoun County,IAD Digital Loudoun Plaza,43940 DIGITAL LOUDOUN PLZ,38.21,"1,137,740",Complete,Existing,39.00082839,-77.47920034,4/10/2024,39.00082839
Loudoun County,Zebra East,22130 LOUDOUN COUNTY PKWY,105.55,"723,779",New,Proposed,39.00504915,-77.47150671,8/6/2025,39.00504915
Loudoun County,IAD14,43791 DEVIN SHAFRON DR,7.76,"135,000",Complete,Existing,39.00329462,-77.48721424,4/10/2024,39.00329462
Loudoun County,43831 DEVIN SHAFRON DR,43831 DEVIN SHAFRON DR,6.74,"117,000",Complete,Existing,39.0026917,-77.48534609,4/10/2024,39.0026917
Loudoun County,IAD24,43830 DEVIN SHAFRON DR,16.45,"266,742",Complete,Existing,39.00466209,-77.48496657,4/10/2024,39.00466209
Loudoun County,DIGITAL-GCEAR1 ASHBURN,43915 DEVIN SHAFRON DR,8.2,"138,600",Complete,Existing,39.00285962,-77.48191497,4/10/2024,39.00285962
Loudoun County,Western Lands,43616 CAPACITY DR,221.12,"11,700,000",New,Proposed,38.95450081,-77.48892243,8/6/2025,38.95450081
Loudoun County,AWS IAD61-IAD63 South Riding,25316 PREDICTION LN,48.2,"778,426",Complete,Existing,38.91676919,-77.49379612,4/10/2024,38.91676919
Loudoun County,Sutton Bay,25800 SUTTON BAY PLZ,43.41,"508,000",Complete,Existing,38.91631015,-77.47834197,4/10/2024,38.91631015
Loudoun County,Firefox Dulles,44150 WADE DR,18.02,"641,451",New,Proposed,38.92061348,-77.47288602,4/10/2024,38.92061348
Loudoun County,Leesburg Gateway,481 POTOMAC STATION DR,99.16,600000,New,Proposed,39.10315177,-77.5363821,5/27/2026,39.10315177
Loudoun County,Villages at Leesburg,42830 GOLF CLUB RD,33.77,"250,000",New,Proposed,39.08773407,-77.51950044,8/6/2025,39.08773407
Loudoun County,Tuscarora Crossing Landbay 3,Intersection of Crosstrail Blvd and Natchez Dr,37.61,"701,400",New,Proposed,39.07723175,-77.53374334,4/10/2024,39.07723175
Loudoun County,Dulles Trade Center West,42670 TRADE WEST DR,14.8,"386,800",New,Proposed,38.95402228,-77.52864089,4/10/2024,38.95402228
Loudoun County,ARCOLA,,30,"614,300",New,Proposed,38.9441303,-77.53569969,4/10/2024,38.9441303
Loudoun County,Fadeley Campus,42949 FADELEY LN,63.54,"695,321",Complete,Existing,38.94895567,-77.52147554,4/10/2024,38.94895567
Loudoun County,Cross Mill Center,20040 SYCOLIN RD,20.71,"546,500",New,Proposed,39.06294964,-77.5504794,4/10/2024,39.06294964
Loudoun County,Project Celtic Phase 1,20680 CELTIC PARK DR,145.02,"743,608","Operating, Expanding",Existing,39.05691354,-77.54663178,8/12/2025,39.05410133
Loudoun County,HAYDEN TECHNOLOGIES,20491 GOOSE LANDING LN,119.07,"563,584","Operating, Expanding",Existing,39.05171448,-77.53956054,8/11/2025,39.05171448
Loudoun County,Tech Park at Brambleton,23896 BELMONT RIDGE RD,89.11,"1,700,000",New,Proposed,38.95656684,-77.53436487,4/10/2024,38.95656684
Loudoun County,42139 REEDS FARM LN,42090 REEDS FARM LN,90.16,"429,213",New,Proposed,38.94492708,-77.54986629,8/6/2025,38.94492708
Loudoun County,IAD11,41840 GROWTH MINDSET LN,64.76,"759,405",Complete,Existing,38.94816566,-77.55538175,8/6/2025,38.94816566
Loudoun County,ALLEGRO SOUTH CAMPUS,24171 YOUNGWOOD LN,34.16,"335,638",Complete,Existing,38.94984278,-77.54913757,4/10/2024,38.94984278
Loudoun County,IAD 01-04,19540 COMPASS CREEK PKWY,323.38,"809,314",Complete,Existing,39.06785528,-77.56021175,4/10/2024,39.06785528
Loudoun County,Orme Farm Rezoning,41451 SHREVE MILL RD,11,"508,000",New,Proposed,39.05827357,-77.56440787,4/10/2024,39.05827357
Loudoun County,Greenlin Park,41453 HOGELAND MILL RD,85.18,227184,New,Proposed,39.05107312,-77.55765381,4/10/2024,39.05107312
Loudoun County,24244 QUAIL RIDGE LN,24244 QUAIL RIDGE LN,23.47,"412,400",Complete,Existing,38.94905003,-77.56043618,4/10/2024,38.94905003
Loudoun County,Quail Ridge C - D,24214 QUAIL RIDGE LN,33.26,"505,200",Complete,Existing,38.94839095,-77.55883643,4/10/2024,38.94839095
Loudoun County,DULLES BERRY LC4,22200 LOUDOUN COUNTY PKWY  ,94.16,"1,434,706",Complete,Existing,39.00252011,-77.47227907,4/10/2024,39.00252011
Louisa County,Lake Anna Tech Campus,Intersection of Haley Dr and Kentucky Springs Rd,150,"1,700,000",New,Proposed,38.04825038,-77.80991453,4/10/2024,38.04825038
Louisa County,North Creek Tech Campus,Mount Airy Rd,1400,"8,700,000",New,Proposed,37.96837812,-77.95334145,4/10/2024,37.96837812
Mecklenburg County,Hillcrest Data Center,49 COUNTRY LANE,152.88,0,New,Proposed,36.70315068,-78.12708334,4/10/2024,36.70315068
Mecklenburg County,Microsoft Azure,925 RIDGE ROAD,854.81,"1,625,704","Operating, Expanding",Existing,36.69652252,-78.36115852,4/10/2024,36.69652252
Mecklenburg County,Microsoft Azure,925 RIDGE ROAD,0,0,Expansion,Proposed,36.69652252,-78.36115852,4/10/2024,36.69652252
Mecklenburg County,LYH03 Bailey – Microsoft,313-A HIGH STREET,369,0,New,Proposed,36.78062364,-78.46783051,4/10/2024,36.78062364
Montgomery County,Brush Mountain Blacksburg,2200 KRAFT DR STE 2025,0,"1,886",Complete,Existing,37.20372918,-80.41179282,4/10/2024,37.20372918
Norfolk City,EdgeConneX Norfolk,3800 VILLAGE AVENUE,4.51,"4,610",Complete,Existing,36.86186044,-76.23534168,4/10/2024,36.86186044
Norfolk City,Zone5,2415 ALMEDA AVENUE,0.79,0,Complete,Existing,36.87813023,-76.21607603,4/10/2024,36.87813023
Orange County,Wilderness Crossing,4447 GERMANNA HWY,2600,"5,000,000",New,Proposed,38.333162,-77.731088,4/10/2024,38.333162
Prince Edward County,Heartland Innovative Technology (HIT) Park,230 KELLY LANE,280.36,"1,300,000",New,Proposed,37.28851551,-78.35012347,4/10/2024,37.28851551
Prince William County,Gainsville Tech Park,13050 HANSEN FARM RD,83,"1,588,901",New,Proposed,38.78018509,-77.56898823,3/19/2026,38.78018509
Prince William County,KH Data Capital Development,11560 HAYDEN RD,16.72,"201,083",Complete,Existing,38.77393129,-77.542342,4/10/2024,38.77393129
Prince William County,AMAZON DATA SERVICES INC,15435 JOHN MARSHALL HWY,38.5,"453,174",Complete,Existing,38.81593816,-77.65224836,7/15/2025,38.81593816
Prince William County,DC 11 DE LLC (Amazon),15395 JOHN MARSHALL HWY,28.27,"236,082",Complete,Existing,38.81517405,-77.64867969,7/15/2025,38.81517405
Prince William County,Gardner Property,14414 MCGRAWS CORNER,82,"2,016,620",New,Proposed,38.79580027,-77.62218909,3/19/2026,38.79580027
Prince William County,Village Place at Gainesville Technology Park,14403 JOHN MARSHALL HWY,45.46,"978,169",New,Proposed,38.80183508,-77.62059944,3/19/2026,38.80183508
Prince William County,John Marshall CommonsTech Park,14392 JOHN MARSHALL HWY,22.72,"530,000",New,Proposed,38.80394564,-77.61686705,7/15/2025,38.80394564
Prince William County,I-66 and Route 29 Technology Park,14300 JOHN MARSHALL HWY,101.95,"2,248,452",New,Proposed,38.80079975,-77.61255773,3/19/2026,38.80079975
Prince William County,PORPOISE VENTURES LLC (Digital Realty Trust),8217 LINTON HALL RD,31.91,"227,465",Complete,Existing,38.77805742,-77.59468079,4/10/2024,38.77805742
Prince William County,Hunter Property,8613 LINTON HALL RD,195.69,4010000,New,Proposed,38.77340556,-77.59043269,3/19/2026,38.77340556
Prince William County,"NOVA MANGO FARMS LLC
C/O CORPORATION SERVICE COMPANY",13001 ROLLINS FORD RD,253.92,2427137,Complete,Existing,38.77619086,-77.58340321,3/19/2026,38.77619086
Prince William County,Delvin Technology Park,8900 DEVLIN RD,269.85,"3,530,000",New,Proposed,38.76722353,-77.57575399,4/10/2024,38.76722353
Prince William County,SES AMERICOM INC,8000 GAINSFORD CT,8.23,"20,534",Complete,Existing,38.78380889,-77.5723158,4/10/2024,38.78380889
Prince William County,Gainsville East,5945 WELLINGTON RD,116.84,"2,200,000",New,Proposed,38.79067647,-77.58797645,4/10/2024,38.79067647
Prince William County,University Business Park,13490 UNIVERSITY BLVD,130.55,"3,800,000",New,Proposed,38.79445894,-77.58242368,4/10/2024,38.79445894
Prince William County,Gainesville Crossing Data Campus,13700 UNIVERSITY BLVD,129.62,"482,223","Operating, Expanding",Existing,38.80132457,-77.58030133,4/10/2024,38.80132457
Prince William County,Gainesville Crossing Data Campus,13700 UNIVERSITY BLVD,0,"1,817,777",Expansion,Proposed,38.80132457,-77.58030133,4/10/2024,38.80132457
Prince William County,GCDC PURCHASER PHASE 1 LLC,13760 UNIVERSITY BLVD,28.1,"482,223","Operating, Expanding",Existing,38.80240839,-77.58255503,4/10/2024,38.80240839
Prince William County,Sharpless Enterprises LLC,6201 WELLINGTON RD,181.29,"1,750,000",New,Proposed,38.78688616,-77.57505172,3/19/2026,38.78688616
Prince William County,MICROSOFT CORPORATION,7745 Piney Branch Ln,2,"200,000",New,Proposed,38.78410351,-77.56772939,4/10/2024,38.78410351
Prince William County,SI NVA17 LLC,11859 HAZEL CIRCLE DR,,"637,282",New,Proposed,38.7345226,-77.54741591,4/10/2024,38.7345226
Prince William County,NVA16 LLC,9530 HORNBAKER RD,31.1,"24,000",New,Proposed,38.74855525,-77.53743803,4/10/2024,38.74855525
Prince William County,NVA15 LLC,9650 HORNBAKER RD,31.88,"24,000",New,Proposed,38.74385052,-77.53757899,4/10/2024,38.74385052
Prince William County,SI NVA 04 LLC (Avanti at Innovation),9590 HORNBAKER RD,10.81,"281,000",Complete,Existing,38.74576267,-77.53816745,7/15/2025,38.74576267
Prince William County,SI NVA02 LLC,9720 HORNBAKER RD,12.47,"224,652",Complete,Existing,38.74435198,-77.53293039,7/15/2025,38.74435198
Prince William County,SI NVA02 LLC,9750 HORNBAKER RD,12.58,"241,249",Complete,Existing,38.74315536,-77.53341319,7/15/2025,38.74315536
Prince William County,COPT DC INNOVATION LLC,11120 THOMASSON BARN RD,21.14,"352,030",Complete,Existing,38.74405917,-77.52985457,4/10/2024,38.74405917
Prince William County,POWERLOFT @ INNOVATION I,9651 HORNBAKER RD,19.5,"247,608",Complete,Existing,38.74735946,-77.53176726,4/10/2024,38.74735946
Prince William County,DC 12 14 DE LLC (Amazon),7056 WELLINGTON RD,23.5,"311,198",Complete,Existing,38.77810604,-77.55823182,4/10/2024,38.77810604
Prince William County,South Point Phase II LLC,8300 BUCKEYE TIMBER DR,22.22,"530,000",New,Proposed,38.77664796,-77.55670511,4/10/2024,38.77664796
Prince William County,"KH DATA CAPITAL BUILDING 4 LLC
C/O IRON MOUNTAIN GLOBAL REAL ESTATE",11680 HAYDEN RD,12,"165,230",Complete,Existing,38.77804577,-77.54706933,4/10/2024,38.77804577
Prince William County,"KH DATA CAPITAL DEVELOPMENT LAND LLC
C/O IRON MOUNTAIN GLOBAL REAL ESTATE",11650 HAYDEN RD,41.38,"597,590",Complete,Existing,38.77679846,-77.54393365,4/10/2024,38.77679846
Prince William County,COPT DC 19 LLC,8170 BETHLEHEM RD,62.13,"719,742",Complete,Existing,38.77942075,-77.54248132,4/10/2024,38.77942075
Prince William County,VA6B1 and VA6B2,7749 WELLINGTON RD,13.94,"230,706",Complete,Existing,38.76803767,-77.5384062,4/10/2024,38.76803767
Prince William County,Iron Mountain Building 7,8328 BETHLEHEM RD,23.74,"304,000",New,Proposed,38.77506417,-77.53979607,4/10/2024,38.77506417
Prince William County,AMAZON DATA SERVICES INC,7600 DOANE DR,7.92,"127,700",Complete,Existing,38.79215709,-77.54833608,4/10/2024,38.79215709
Prince William County,AMAZON DATA SERVICES INC,11800 BREWERS SPRING RD,7.85,"123,534",Complete,Existing,38.79108671,-77.54836827,4/10/2024,38.79108671
Prince William County,AMAZON DATA SERVICES INC,11801 BREWERS SPRING RD,10.06,"115,600",Complete,Existing,38.78990386,-77.54798817,4/10/2024,38.78990386
Prince William County,Amazon Data Center,7101 CENTURY PARK DR,16.72,0,New,Proposed,38.79769912,-77.54477347,4/10/2024,38.79769912
Prince William County,Amazon Data Center,7300 CENTURY PARK DR,10.56,0,New,Proposed,38.79560031,-77.54213417,4/10/2024,38.79560031
Prince William County,GI TC 7510 MASON KING CT LLC (Amazon),7510 MASON KING CT,9.51,"150,000",Complete,Existing,38.7903438,-77.54118715,4/10/2024,38.7903438
Prince William County,MANASSAS TECHNOLOGY PARTNERS LLC (Amazon),7505 MASON KING CT,7.66,"109,543",Complete,Existing,38.79125396,-77.53829389,4/10/2024,38.79125396
Prince William County,Amazon Data Center,7500 BETHLEHEM RD,9.93,0,New,Proposed,38.79211731,-77.53618305,4/10/2024,38.79211731
Prince William County,Westview 66,11314 BALLS FORD RD,40.47,"1,145,989",New,Proposed,38.79625062,-77.535525,3/19/2026,38.79625062
Prince William County,Alligned Data Centers (Balls Ford),10920 BALLS FORD RD,28.35,"1,275,141",New,Proposed,38.79927512,-77.528024,4/10/2024,38.79927512
Prince William County,Airport Gateway Commerce Center,10940 AIRMAN AVE,35.6,"369,600",New,Proposed,38.71584462,-77.49835774,3/19/2026,38.71584462
Prince William County,ABTEEN VENTURES LLC (CloudHQ),10880 AIRMAN AVE,27.6,"394,593",Complete,Existing,38.71685464,-77.49973722,3/19/2026,38.71685464
Prince William County,BOURZOU VENTURES LLC (CloudHQ),10100 HARRY J PARRISH BLVD,23.22,"347,876",Complete,Existing,38.72297975,-77.49923145,3/19/2026,38.72297975
Prince William County,MANUCHEHR VENTURES LLC,10900 AIRMAN AVE,9.78,"139,000",Complete,Existing,38.71508644,-77.49476365,3/19/2026,38.71508644
Prince William County,"UNICORN INTERESTS LLC, PCL C1","10849 AIRMAN AVE",16.56,"250,144",New,Proposed,38.71928606,-77.49618926,3/19/2026,38.71928606
Prince William County,AIRPORT GATEWAY COMMERCE CENTER,10850 Airman Ave,7.23,0,New,Proposed,38.72144071,-77.49642758,3/19/2026,38.72144071
Prince William County,Innovation On The Parkway PRA,11101 UNIVERSITY BLVD,17.73,576952,Redevelopment,Proposed,38.753712,-77.52560492,3/19/2026,38.753712
Prince William County,SI NVA05 LLC,9680 INNOVATION DR,31.06,"213,320",Complete,Existing,38.74838568,-77.52154804,7/15/2025,38.74838568
Prince William County,SI NVA06 LLC,9700 INNOVATION DR,15.92,"223,757",Complete,Existing,38.74731521,-77.51988743,7/15/2025,38.74731521
Prince William County,SI NVA07 LLC,9720 INNOVATION DR,15.54,"233,757",Complete,Existing,38.74664585,-77.51875828,7/15/2025,38.74664585
Prince William County,SI NVA08 LLC,9740 INNOVATION DR,15.85,"216,067",Complete,Existing,38.74606588,-77.51747709,7/15/2025,38.74606588
Prince William County,DC-4,10680 UNIVERSITY BLVD,19.18,"323,526",New,Proposed,38.75262704,-77.51650109,4/10/2024,38.75262704
Prince William County,QTS Manassas DC 5,9301 FREEDOM CENTER BLVD,22.72,"305,510",Complete,Existing,38.75484953,-77.51757918,4/10/2024,38.75484953
Prince William County,QTS MANASSAS I DC6 LLC,9540 GODWIN DR,0,"269,091",Expansion,Proposed,38.75437928,-77.50989723,4/10/2024,38.75437928
Prince William County,QTS Manassas DC 2,9400 GODWIN DR,12.4,"127,000",Complete,Existing,38.75243583,-77.51314445,4/10/2024,38.75243583
Prince William County,INNOVATION EXECUTIVE CENTER DC-3,9420 GODWIN DR,,"174,719",New,Proposed,38.75278121,-77.51228382,4/10/2024,38.75278121
Prince William County,Ashwood Addition,10400 HARRY J PARRISH BLVD,85.37,1644498,New,Proposed,38.73169511,-77.51025821,3/19/2026,38.73169511
Prince William County,Digital Second Manassas,10000 BRICKYARD WAY,61.47,"1,759,136",New,Proposed,38.73787155,-77.5082881,4/10/2024,38.73787155
Prince William County,QTS MANASSAS I DC3 LLC,9480 GODWIN DR,32.31,"269,091",Complete,Existing,38.75326476,-77.51034771,4/10/2024,38.75326476
Prince William County,QTS MANASSAS I DC6 LLC,9480 GODWIN DR,0,0,Expansion,Proposed,38.75037986,-77.51286912,4/10/2024,38.75037986
Prince William County,AMAZON DATA SERVICES INC,10201 TANNER WAY,82.58,,Complete,Existing,38.73494367,-77.50452253,4/10/2024,38.73494367
Prince William County,MANASSAS NCP LLC,9000 FREEDOM CENTER BLVD,18.75,"409,252",Complete,Existing,38.76058192,-77.51869199,4/10/2024,38.76058192
Prince William County,Vulcan Data Center,8501 VULCAN LN,165.3,"1,071,000",New,Proposed,38.77114753,-77.51434821,4/10/2024,38.77114753
Prince William County,ALEXANDRIA TECHNOLOGY CENTER,10600 PYRAMID PL,12.44,0,New,Proposed,38.75654623,-77.51377034,4/10/2024,38.75654623
Prince William County,Compton Property SUP,8750 RIXLEW LN ,,"1,062,000",New,Proposed,38.77580186,-77.51027044,4/10/2024,38.77580186
Prince William County,MCI COMMUNICATION SERVICES LLC VERIZON GLOBAL REAL ESTATE,7777 INFANTRY RIDGE RD,20.33,"227,465",Complete,Existing,38.80485812,-77.51249065,4/10/2024,38.80485812
Prince William County,EQUINIX DC14,7400 INFANTRY RIDGE RD,7.31,859040,Complete,Existing,38.80343871,-77.51079471,3/19/2026,38.80343871
Prince William County,MCC5,10740 AIRMAN AVE,24.4,"400,000",New,Proposed,38.71975632,-77.49308577,3/19/2026,38.71975632
Prince William County,Potomac Technology Park,14854 DUMFRIES RD,51.67,1170320,New,Proposed,38.63024684,-77.42246893,3/19/2026,38.63024684
Prince William County,Amazon Data Center,,,,New,Proposed,38.73384341,-77.51592351,4/10/2024,38.73384341
Prince William County,Prince William Digital Gateway,,1760,"10,700,000",New,Proposed,38.82382542,-77.56874004,4/10/2024,38.82382542
Scott County,Scott County Regional Business & Technology Park,372 Technology Trail Ln,55,0,New,Proposed,36.71585269,-82.80458855,4/10/2024,36.71585269
Spotsylvania County,Carter's Store Tech Campus,,313,"2,600,000",New,Proposed,38.18951163,-77.45480833,4/10/2024,38.18951163
Spotsylvania County,Cosner Tech Campus,4049 Massaponax Church Road,329,"1,900,000",New,Proposed,38.20971816,-77.48422827,4/10/2024,38.20971816
Spotsylvania County,Hunter's Ridge,4110 Overview Drive,127,"900,000",New,Proposed,38.21946773,-77.47517912,4/10/2024,38.21946773
Spotsylvania County,Mattameade Tech Campus,,161.93,0,New,Proposed,38.12168301,-77.50419731,4/10/2024,38.12168301
Spotsylvania County,PowerHouse95,"0 Overview DR Fredericksburg, VA",145,"3,500,000",New,Proposed,38.2181191,-77.48060345,4/10/2024,38.2181191
Spotsylvania County,Summit Crossing Tech Campus,Summit Crossing Road,231,"2,100,000",New,Proposed,38.18847143,-77.44053219,4/10/2024,38.18847143
Stafford County,Old Potomac Church Data Center,Old Potomac Church Road,49.9,"510,000",New,Proposed,38.41132231,-77.40424702,4/10/2024,38.41132231
Stafford County,Stafford Technology Campus,"east side of Richmond Highway, across from Sage Lane",523.94,"5,500,000",New,Proposed,38.38512162,-77.43161729,4/10/2024,38.38512162
Surry County,Green Energy Center,HOG ISLAND ROAD,641,0,New,Proposed,37.15202452,-76.68507338,4/10/2024,37.15202452
Virginia Beach City,Telxius Cable Landing Station Virginia Beach,1900 Corporate Landing Pkwy Cm,0,"140,000",Expansion,Proposed,36.77926148,-76.00783079,4/10/2024,36.77926148
Virginia Beach City,Globalinx Virginia Beach,1632 Corporate Landing Pkwy,7,"9,712",Complete,Existing,36.7837077,-76.00894299,4/10/2024,36.7837077
Virginia Beach City,Telxius Cable Landing Station Virginia Beach,1900 Corporate Landing Pkwy Cm,11.5,"10,750",Complete,Existing,36.77754701,-76.00713488,4/10/2024,36.77754701
Wise County,DP Facilities: Mineral Gap,5978 WINDSWEPT BLVD,22,"65,000","Operating, Expanding",Existing,36.97806629,-82.5270336,4/10/2024,36.97806629
Scott County,Duffield Premier Data Center Site,158 Advanced Technology Dr,2.48,"9,200",Complete,Existing,36.71256549,-82.80250359,4/10/2024,36.71256549
Hanover County,Iron Horse Data Center Rezoning,10171 East Patrick Henry Road,77.62,"3,300,000",New,Proposed,37.75901726,-77.45079633,5/27/2026,37.75901726
Loudoun County,MECP1 ASHBURN 1 LLC,21215 ATLANTIC BLVD,5.9393,258716,Complete,Existing,39.02848589,-77.42768499,8/7/2024,39.02848589
Loudoun County,MECP2 ASHBURN 2 LLC,21205 ATLANTIC BLVD,5.9393,258716,Complete,Existing,39.03041241,-77.42901324,8/7/2024,39.03041241
Loudoun County,MECP3 ASHBURN 3 LLC,21195 ATLANTIC BLVD,5.9393,258716,Complete,Existing,39.03234833,-77.42991092,8/7/2024,39.03234833
Fauquier County,OVHcloud Data Center Expansion,6872 Watson Ct,0,"120,000",Expansion,Proposed,38.74743718,-77.67448229,8/22/2024,38.74743718
Fauquier County,Convergent Technology Park,"James Madison St, Remington VA",139.48,"1,056,000",New,Proposed,38.54698463,-77.8062595,8/22/2024,38.54698463
Fauquier County,Vint Hill Corners,"4295 AIKEN DR WARRENTON, VA 20187",46.2,"360,000",New,Proposed,38.74458491,-77.68533976,8/22/2024,38.74458491
Appomattox County,Hercules,1296 CONFEDERATE BLVD,450,250000,New,Proposed,37.37439911,-78.84941908,4/1/2026,37.35553935
Pittsylvania County,unnamed,6321 ROCKFORD SCH RD,52.36,2280801,New,Proposed,36.98034864,-79.35186489,1/15/2025,36.98034864
Greensville County,Mid-Atlantic Advanced Manufacturing Center,"1781 Greensville County Cir, Emporia, VA 23847",930,,New,Proposed,36.73673682,-77.51469702,12/19/2024,36.73673682
Henrico County,Azalea,5209 WILKINSON RD,30.85,456108,New,Proposed,37.604716,-77.42341327,8/28/2024,37.604716
Loudoun County,Oaklawn,101 OAKLAWN DR,26.4,700000,Redevelopment,Proposed,39.09197224,-77.56056644,8/28/2024,39.09197224
Powhatan County,Province Group,1318 PAGE RD MIDLOTHIAN VA 23113,88.9,1500000,New,Proposed,37.50839013,-77.73239492,8/22/2024,37.50839013
Wise County,DP Facilities: Mineral Gap,5978 WINDSWEPT BLVD,50,200000,Expansion,Proposed,36.97806629,-82.5270336,4/10/2024,36.97806629
Stafford County,Blaisdell Property Data Center,"Old Forge Drive, Fredricksburg",181.3,1480000,New,Proposed,38.331717,-77.487329,4/28/2025,38.331717
Stafford County,George Washington Village Data Center,"Courthouse Rd/Interstate 95, Hartwood District",1042,7900000,New,Proposed,38.40892023,-77.44693147,4/28/2025,38.40892023
Stafford County,Accokeek Center,RT 1/Interstate 95 South of Rappahannock Regional Jail,80,520000,New,Proposed,38.40371226,-77.42699944,4/28/2025,38.40371226
Stafford County,Austin Ridge Logisitics Center,"End of Cedar Lane, Hartwood",183,1600000,New,Proposed,38.41450237,-77.43574066,4/28/2025,38.41450237
Stafford County,Enon Road Technologies,south of Enon Road near the intersection with Wyatt Lane,162,2000000,New,Proposed,38.36788997,-77.47357806,4/28/2025,38.36788997
Stafford County,Cranes Corner Data Center,"east of U.S. 1 and about 1,400 feet north of the Centreport Parkway intersection",46,900000,New,Proposed,38.37129473,-77.4514357,4/28/2025,38.37129473
Botetourt County,Greenfield,"INTERNATIONAL PKWY DALEVILLE, VA 24083",312,,New,Proposed,37.441695,-79.912694,7/9/2025,0
Chesterfield County,Upper Magnolia Green East,18100 DUVAL RD,743.94,,New,Proposed,37.4203694,-77.75997042,6/27/2025,0
Chesterfield County,Upper Magnolia Green West Tract A and Tract B,4401 MOSELEY RD,979.23,,New,Proposed,37.44422641,-77.77384409,6/27/2025,0
Prince William County,Wellington Road PRA,8819 Wellington Rd,8.51,370175,New,Proposed,38.76347674,-77.51353804,7/11/2025,38.763477
Prince William County,PARSONS BUSINESS PARK LLC,14237 DUMFRIES RD,90.88,2628411,New,Proposed,38.64559741,-77.4415954,7/11/2025,38.64559741
Prince William County,Mid-County Industrial Park,14901 DUMFRIES RD,64.4,664715,New,Proposed,38.63155983,-77.41152943,3/19/2026,38.63156
Prince William County,Stoneview,8625 Wellington Rd,12.37,149558,New,Proposed,38.76551013,-77.51943341,7/11/2025,38.76551
Prince William County,NVA05C,"8860 WELLINGTON RD , MANASSAS, VA, 20109",23.83,"261, 312",New,Proposed,38.76122098,-77.51163195,7/12/2025,38.76122098
Prince William County,PROJECT INDUSTRY,8001 INDUSTRIAL PARK CT,42.2,1838000,New,Proposed,38.78174323,-77.57918895,7/12/2025,
Prince William County,9001 Hornbaker Rd,9001 HORNBAKER RD,40.02,871518,New,Proposed,38.76255322,-77.53384828,7/12/2025,38.76255322
Prince William County,Project Well,6894 WELLINGTON RD,43.89,1341019,New,Proposed,38.78055229,-77.56263538,4/30/2026,38.78055229
Prince William County,Bristow Campus,11480 NOKESVILLE RD,39.88,540000,New,Proposed,38.73796779,-77.54125426,7/14/2025,38.737968
Prince William County,IRON MOUNTAIN DATA CENTERS LLC,7729 WELLINGTON RD,15.47,165428,New,Proposed,38.77136086,-77.54250686,7/14/2025,38.77136086
Prince William County,WELLINGTON GLEN TECHNOLOGY PARK,11901 SUDLEY MANOR DR,51.21,"673,198",New,Proposed,38.76481589,-77.54451725,3/19/2026,38.764816
Prince William County,Manassas Point,7816 BETHLEHEM RD,39.86,1739350,New,Proposed,38.78383319,-77.53779043,7/14/2025,38.78383319
Prince William County,NVA05A & NVA05B Proffer Amendment and Rezoning,9101 FREEDOM CENTER BLVD,37.4,814777,New,Proposed,38.76054215,-77.51536004,7/14/2025,38.760542
Loudoun County,STACK NVA04,22285 LOCKRIDGE RD,8.54,371941,Complete,Existing,39.000746,-77.460305,8/6/2025,39.000746
Loudoun County,STACK NVA04,22271 LOCKRIDGE RD,8.52,371211,Complete,Existing,38.999166,-77.460786,8/6/2025,38.999166
Loudoun County,STACK NVA04,22295 LOCKRIDGE RD,8.54,371941,New,Proposed,39.002779,-77.46116,8/6/2025,39.002779
Loudoun County,AWS H&M Property,25500 MEADOWDALE DR,82.17,274000,"Operating, Expanding",Existing,38.92110773,-77.48629892,8/6/2025,38.92110773
Loudoun County,AWS H&M Property,25500 MEADOWDALE DR,,259000,Expansion,Proposed,38.92113277,-77.48317683,8/6/2025,38.92113277
Loudoun County,AWS H&M Property,25500 MEADOWDALE DR,0,958000,Expansion,Proposed,38.91965531,-77.47997964,8/6/2025,38.91965531
Loudoun County,AWS H&M Property,25500 MEADOWDALE DR,,259000,Expansion,Proposed,38.91981391,-77.48339141,8/6/2025,38.91981391
Loudoun County,Northwoods Property,43649 LIGHT SPEED PLZ,79.61,755090,Expansion,Proposed,38.97792175,-77.49350666,8/6/2025,38.97792175
Loudoun County,Northwoods Property,43649 LIGHT SPEED PLZ,,263340,Complete,Existing,38.98071575,-77.49381779,8/6/2025,38.98071575
Loudoun County,IAD44,43704 EFFICIENCY DR,18,784204,Complete,Existing,38.96118067,-77.49052334,8/6/2025,38.96118067
Loudoun County,PROLOGIS-EXCHANGE 43461 OLD OX ROAD,23845 ERINS RUN DR,37.53,474570,"Operating, Expanding",Existing,38.95745135,-77.49767788,8/6/2025,38.95745135
Loudoun County,Dulles Commerce,23700 PEBBLE RUN PL,16.88,441175,Expansion,Proposed,38.96196848,-77.49829258,8/6/2025,38.96196848
Loudoun County,PROLOGIS-EXCHANGE 43461 OLD OX ROAD,23965 CARTERS SCHOOL RD,39.89,2023449,Expansion,Proposed,38.9532093,-77.49552282,8/6/2025,38.9532093
Loudoun County,Spring Valley Technology Park,"22532 EVERGREEN MILLS RD , LEESBURG, VA, 20175",362,3483902,New,Proposed,39.00105653,-77.57126082,8/6/2025,39.00105653
Loudoun County,Vantage VA 3,19509 BELMONT RIDGE RD,104.65,2329165,New,Proposed,39.07975689,-77.50654605,8/6/2025,39.07975689
Loudoun County,Vantage VA 3,43321 DATA DR,29.75,385398,"Operating, Expanding",Existing,39.07739352,-77.50616535,8/6/2025,39.07739352
Loudoun County,NVA06 Campus,19275 COMPASS CREEK PKWY SE,5.35,232886,Complete,Existing,39.08262667,-77.56523178,8/6/2025,39.08262667
Loudoun County,NVA06 Campus,19265 COMPASS CREEK PKWY,8.9,388150,Complete,Existing,39.08022813,-77.56472753,8/6/2025,39.08022813
Loudoun County,WHEELER SURVEY COMPANY,24400 HOWLING ROOSTER LN,135.31,538565,"Operating, Expanding",Existing,38.94236155,-77.52864356,8/6/2025,38.94236155
Loudoun County,WHEELER SURVEY COMPANY,24400 HOWLING ROOSTER LN,0,353385,Expansion,Proposed,38.94089757,-77.53257083,8/6/2025,38.94089757
Loudoun County,JK TECHNOLOGY PARK #3,24393 STONE SPRINGS BLVD,21.23,184080,New,Proposed,38.94555641,-77.54126179,8/6/2025,38.94555641
Loudoun County,Allegro North Campus,"41567 BRIARFIELD LN , ALDIE, VA, 20105",49.05,1260000,New,Proposed,38.95631966,-77.54515666,8/6/2025,38.95631966
Loudoun County,BRAMBLETON SHREVEPORT SOUTH DATA CENTER,Evergreen Mills and Belmont Ridge Rd,114,1317531,New,Proposed,38.95967161,-77.5290899,8/6/2025,38.95967161
Loudoun County,Brambleton Business Campus Data Center,"42842 ARCOLA BLVD , ASHBURN",48.3,936191,New,Proposed,38.95391225,-77.51837219,8/6/2025,38.95391225
Loudoun County,Farah-Naples Data Center,Loudoun County Parkway and Old Ox Road,10.58,100000,New,Proposed,38.95731003,-77.51306232,8/6/2025,38.95731003
Loudoun County,NV-9 CYRUSONE,43290 OLD OX RD,39.73,525482,"Operating, Expanding",Existing,38.95866473,-77.50507079,8/6/2025,38.95866473
Loudoun County,NV-9 CYRUSONE,43290 OLD OX RD,,158696,Expansion,Proposed,38.95890982,-77.5026777,8/6/2025,38.95890982
Loudoun County,MERCURE BUSINESS PARK LOT 4A1B,"44122 MERCURE CIR , STERLING",5.84,101579,Redevelopment,Proposed,38.98479095,-77.48216318,8/6/2025,38.98479095
Loudoun County,GLENN DRIVE NORTH & SOUTH,"22815 GLENN DR 101 , STERLING, VA, 20164",42.3,1668261,Redevelopment,Proposed,38.98827417,-77.41630705,8/7/2025,38.98827417
Loudoun County,108 CARPENTER DRIVE,"108 CARPENTER DR , STERLING",3.42,52744,Redevelopment,Proposed,38.99122943,-77.42243349,8/7/2025,38.99122943
Loudoun County,IAD214,22760 PACIFIC BLV,17.09,226456,Complete,Existing,38.98673089,-77.43557826,8/7/2025,38.98673089
Loudoun County,DCT DULLES DOWNS Land Bay B,45220 PROLOGIS PLZ,19.39,143563,Complete,Existing,38.99013715,-77.4372931,8/8/2025,38.99013715
Loudoun County,DCT DULLES DOWNS Land Bay B,22685 RELOCATION DR,0,670953,Redevelopment,Proposed,38.98937787,-77.43784959,8/8/2025,38.98937787
Loudoun County,DCT DULLES DOWNS Land Bay A,45111 LOUDOUN DOWNS LN,22.69,287460,Complete,Existing,38.99117809,-77.44136698,8/8/2025,38.99117809
Loudoun County,DCT DULLES DOWNS Land Bay A,45111 LOUDOUN DOWNS LN,0,896837,Redevelopment,Proposed,38.99085202,-77.43926067,8/8/2025,38.99085202
Loudoun County,DULLES DISTRIBUTION Landbay B,"45085 OLD OX RD , STERLING",16.16,660000,Redevelopment,Proposed,38.97813796,-77.44190075,8/8/2025,38.97813796
Loudoun County,DULLES DISTRIBUTION Landbay A,"45055 UNDERWOOD LN , STERLING, VA, 20166",16.32,305000,Redevelopment,Proposed,38.98027286,-77.44147591,8/8/2025,38.98027286
Loudoun County,Prologis NOVA 1,22675 DULLES SUMMIT CT,19.51,256092,Redevelopment,Existing,38.98944194,-77.44954289,8/8/2025,38.98944194
Loudoun County,DCT DULLES PHASE II,22651 DULLES SUMMIT CT,5.85,75800,Complete,Existing,38.98813133,-77.45051895,8/8/2025,38.98813133
Loudoun County,VA 16,"22321 PACIFIC BLVD , STERLING",9.8,255935,Complete,Existing,38.99908829,-77.44114194,8/8/2025,38.99908829
Loudoun County,ME-DC Pacific,22255 PACIFIC BLVD,32.52,589400,Redevelopment,Proposed,38.99985538,-77.44517599,8/8/2025,38.99985538
Loudoun County,ASH1-BRODERICK DC2,22280 RANDOLPH DR,7.26,189890,New,Proposed,38.99813775,-77.44936023,8/8/2025,38.99813775
Loudoun County,SDC ASHBURN I,44351 IMPORT PLZ,50,531592,"Operating, Expanding",Existing,38.99620896,-77.47163813,8/10/2025,38.99620896
Loudoun County,SDC ASHBURN I,44351 IMPORT PLZ,0,20000,Expansion,Proposed,38.99494169,-77.46915387,8/10/2025,38.99494169
Loudoun County,DARAB VENTURES SIX,22235 LOUDOUN COUNTY PKWY,62.91,1538288,New,Proposed,39.00596429,-77.47724342,8/10/2025,39.00596429
Loudoun County,CORSCALE VA2 BLDG 1,45695 RUSSELL BRANCH PKWY,23.83,460000,New,Proposed,39.03803974,-77.43371669,8/10/2025,39.03803974
Loudoun County,Thayer Road,45564 THAYER RD,9.82,305593,New,Proposed,39.026967,-77.42447832,8/10/2025,39.026967
Loudoun County,"STERLING VI, V",21340 PACIFIC BLVD,27.05,1178308,Complete,Existing,39.02434941,-77.43410482,8/10/2025,39.02434941
Loudoun County,RIDGETOP CENTER,21670 RIDGETOP CIR,11.96,268339,Redevelopment,Proposed,39.02472554,-77.40990572,8/10/2025,39.02472554
Loudoun County,HORSESHOE DRIVE,45925 HORSESHOE DR,11.05,481220,Redevelopment,Proposed,39.02602279,-77.41160486,8/10/2025,39.02602279
Loudoun County,Ashburn Data Center,21300 COACH GIBBS DR,44.4,1176000,Redevelopment,Proposed,39.02697029,-77.44412715,8/10/2025,39.02697029
City of Fredericksburg,NEON AT CELEBRATE VIRGINIA SOUTH,3050 GORDON W SHELTON,250,,New,Proposed,38.31870691,-77.51735329,8/11/2025,38.31870691
Stafford County,Forest Lane Data Center,South of Forest Lane,844.21,7068000,New,Proposed,38.27028712,-77.39974094,8/11/2025,38.27028712
Stafford County,Sisson North,1301 KINGS HWY,106.48,1140000,New,Proposed,38.25873237,-77.38704845,8/11/2025,38.25873237
Loudoun County,MERCURE BUSINESS PARK LOTS 19 AND 20,"44083 MERCURE CIR , STERLING, VA, 20166",11.04,178648,Redevelopment,Proposed,38.98500128,-77.47916536,8/6/2025,38.98310036
Loudoun County,SHAW ROAD BUSINESS PARK,22930 SHAW RD,9.6,0,Redevelopment,Proposed,38.98131834,-77.4222459,8/6/2025,38.98131834
Loudoun County,ACC4 Digital Realty,44480 HASTINGS DR,17.15,286865,Complete,Existing,39.01794393,-77.4626604,8/11/2025,39.01794393
Loudoun County,ACC11 Digital Realty,Corner of Gresham and Waxpool,9.1,395829,Expansion,Proposed,39.01489305,-77.46362926,8/11/2025,39.01489305
Loudoun County,NTT Global Data Centers,44245 GIGABIT PLZ,77.92,1376853,"Operating, Expanding",Existing,39.018154,-77.47288888,8/11/2025,39.018154
Loudoun County,NTT Global Data Centers Building 7,44245 GIGABIT PLZ,0,270856,Expansion,Existing,39.01596573,-77.47207657,8/11/2025,39.01596573
Loudoun County,NTT Global Data Centers Building 9,44245 GIGABIT PLZ,0,220132,Expansion,Proposed,39.01865646,-77.47586733,8/11/2025,39.01865646
Loudoun County,AID1 DataBank,21625 RED RUM DR,15.21,146154,"Operating, Expanding",Existing,39.01561562,-77.48246656,8/11/2025,39.01561562
Loudoun County,Parcel J at Ashburn Center,21625 RED RUM DR,0,154583,Redevelopment,Proposed,39.0157112,-77.48335525,8/11/2025,39.0157112
Loudoun County,CYRUSONE BROADLANDS DATA CENTER,Belmont Road and Dulles Greenway,57.61,784600,New,Proposed,39.03337503,-77.52170681,8/11/2025,39.03337503
Loudoun County,PROJECT ASPEN,20491 GOOSE LANDING LN,0,324890,Expansion,Proposed,,-77.53494952,8/11/2025,
Loudoun County,Project Celtic Phase 2,20649 ENERGY PARK DR,0,1190996,Expansion,Proposed,39.05390105,-77.54464697,8/11/2025,39.05390105
Loudoun County,COMPASS DATACENTERS IAD I,42247 THUNDERBALL DR,97.12,551029,Complete,Existing,39.0438211,-77.53760127,8/11/2025,39.0438211
Loudoun County,Cochran Mill Road,42277 COCHRAN MILL RD,53.11,811129,New,Proposed,39.07463309,-77.51653983,8/11/2025,39.07463309
Loudoun County,TELOS DATA CENTER,19886 ASHBURN RD,25.29,180000,Redevelopment,Proposed,39.06702471,-77.47856722,8/11/2025,39.06702471
Caroline County,CleanArc,"18188 Bazaar Ave, Ruther Glen",650,490000,New,Proposed,38.01545495,-77.49723734,9/12/2025,38.01545495
Chesterfield County,Project Peanut,2700 Bermuda Hundred Road,300,"855,000",New,Proposed,37.34457061,-77.30399004,3/19/2026,37.34457061
Chesterfield County,Project Loch,751 WATKINS CENTRE PKWY,349.97,,New,Proposed,37.49906414,-77.69161552,9/12/2025,37.49906414
Fairfax County,Plaza 500,"6295 Edsall Rd. Alexandria, VA 22312",,461444,New,Proposed,38.80227115,-77.14252199,9/12/2025,38.80227115
King George County,Dahlgren West,"west of the intersection of Route 301 and Route 616, just up the road from the Chestnut Hill Loop",497.2,9000000,New,Proposed,38.3098502,-77.11263838,7/17/2025,38.3098502
Fauquier County,Remington Innovation Campus,"11462 REMINGTON RD , REMINGTON, VA, 22734",204,2221560,New,Proposed,38.5630429,-77.77671439,7/17/2025,38.5630429
King George County,Green Energy Ventures Data Center,Graves Corner Northwest of the intersection of Bloomsbury Road and Kings HWY,352.47,6500000,New,Proposed,38.25655801,-77.29121937,7/17/2025,38.25655801
Loudoun County,MERCURE BUSINESS PARK LOT 22,"44211 MERCURE CIR , STERLING",5.49,"95,658",Redevelopment,Proposed,,,10/17/2025,
Loudoun County,Tuscarora Crossing Campus,19560 CROSSTRAIL BLVD,38,701400,New,Proposed,39.08441525,-77.52772661,8/11/2025,39.08441525
Prince William County,9720 Dean Drive,9720 Dean Drive and 9811 Nokesville Road,17.43,250000,New,Proposed,38.74980337,-77.49295696,11/19/2025,38.74980337
Prince William County,Manassas Corporate Center MCC-7 PRA,10101 HARRY J PARRISH BLVD,22.52,1082231,New,Proposed,38.72241349,-77.50135306,3/19/2026,38.72241349
Prince William County,Six Towers Industrial Park,8030 Six Towers Rd,23.82,750974,New,Proposed,38.64791699,-77.43843893,12/1/2025,38.64791699
Prince William County,DULLES SOUTH INNOVATION CENTER,"Sanders Lane, North of Catharpin",1930,,New,Proposed,38.87522415,-77.57167096,12/19/2025,38.87522415
Wyth County,Progress Park Data Center,Peppers Ferry Road and E Lee Trinkle Lane,99,,New,Proposed,36.95899287,-81.0085854,12/19/2025,36.95899287
Loudoun County,Oppidan,22630 DAVIS DR,15.8,413000,Redevelopment,Proposed,38.99207748,-77.41641831,2/28/2026,38.99207748
Frederick County,Winchester Gateway LLC,Apple Valley Rd,71.85,901419,New,Proposed,39.14098703,-78.20762515,2/28/2026,39.14098703
Loudoun County,DULLES DESIGN DATA CENTER,45449 E SEVERN WAY,9.35,244400,Redevelopment,Proposed,39.02008071,-77.42761249,2/28/2026,39.02008071
City of Petersburg,2233 Halifax Road,2233 Halifax Road,176,870000,New,Proposed,37.1890805,-77.41648373,2/28/2026,37.1890805
Hanover County,OLD RIDGE ROAD LLC,10165 Old Ridge RD,205,,New,Proposed,37.81025348,-77.44848327,3/16/2026,37.81025348
Loudoun County,George Washington University,44983 KNOLL SQ,120,,Redevelopment,Proposed,39.05485513,-77.44387575,3/16/2026,39.05485513
Stafford County,Potomac Creek Campus,South of Black Willow Pl,99.34,975000,New,Proposed,38.37552348,-77.43386622,3/16/2026,38.37552348
Stafford County,Eskimo Hill Tech Center,360 ESKIMO HILL RD,139.23,681800,New,Proposed,38.37413015,-77.42566981,3/16/2026,38.37413015
Stafford County,Centreport Gateway Pemberton Tech Center,385 MOUNTAIN VIEW RD,51.2,577000,New,Proposed,38.37881311,-77.47111077,3/16/2026,38.37881311
Stafford County,Vantage 4,225 CENTREPORT PKWY,82.69,929000,New,Proposed,38.38829119,-77.46293026,3/16/2026,38.38829119
Stafford County,Stafford One,Centreport Pkwy and Richmond Hwy,38.73,474100,New,Proposed,38.37467836,-77.45643608,3/16/2026,38.37467836
Pittsylvania County,Southern Virginia Megasite at Berry Hill,3312 BERRY HILL RD,2990,,New,Proposed,36.57302892,-79.57656306,3/19/2026,36.57302892
Caroline County,SAC III,WC Spratt Dr,95.4,1500000,New,Proposed,37.95378272,-77.41756794,3/19/2026,37.95378272
Prince William County,Wellington Glen Parcel K,8881 MIKE GARCIA DR,46.39,1801693,New,Proposed,38.76257529,-77.53699821,3/19/2026,38.76257529
Louisa County,Shannon Hill Regional Business Park,"Between Parrish Rd and Shannon Hill Road, North of 66",697,3900000,New,Proposed,37.9021336,-78.02342305,3/20/2026,37.9021336
Caroline County,Airlee Industrial and Data Center Site,"Intersection of Rt. 1 and CCC Road, Ruther Glen, VA 22546",184.4,1500000,New,Proposed,37.99737406,-77.50243069,7/16/2025,37.99737406
Caroline County,ADP Ladysmith Data Hub,"18577 GREEN RD, RUTHERFORD",140.38,1600000,New,Proposed,38.00432777,-77.50444772,7/16/2025,38.00432777
Caroline County,Caroline Center for Innovation,23286 CARNEAL LN,278.28,3000000,New,Proposed,37.94278155,-77.41626512,7/16/2025,37.94278155
Caroline County,Carmel Technology & Enterprise Center,"Jericho Road, west of the intersection 
of Jericho Road, Rogers Clark Blvd. & U.S. Route 1",1196.3,5600000,New,Proposed,37.92402741,-77.50552689,7/16/2025,37.92402741
Caroline County,Bull Church Data Center,"Bull Church Road, east of I-95 near the Ladysmith interchange",87.53,792000,New,Proposed,38.00912618,-77.49330877,7/16/2025,38.00912618
Caroline County,Thornberry Data Center Campus,23202 Carneal Lane,1001.5,3300000,New,Proposed,37.95415988,-77.40685693,7/16/2025,37.95415988
Caroline County,Caroline Center for Innovation - North,"13039 Mickey's Wy, Ruther Glen, VA 22546",95.4,1500000,New,Proposed,37.95118965,-77.42421144,7/16/2025,37.95118965
Caroline County,Ladysmith Technology Park,"Ladysmith Road, northwest of I-95 & Ladysmith Road Intersection",164.61,1684480,New,Proposed,38.02690167,-77.50431334,7/17/2025,38.02690167
Loudoun County,IAD3 Evoque Cyxtera,22995 WILDER CT,0,130400,Complete,Existing,38.98105939,-77.44433907,1/9/2026,38.98105939
Loudoun County,Belmont Innovation Campus,43121 GOOSE GLEN LN,112,1300000,New,Proposed,39.07282775,-77.50972327,4/10/2024,39.07282775
Spotsylvania County,Summit Technology Park,"2901 Summit Crossing RD Fredericksburg, VA",125.4,2200000,New,Proposed,38.19513882,-77.43207082,7/18/2025,38.19513882
Spotsylvania County,Gateway Commerce Center,"5654 Hickory Ridge RD Spotsylvania, VA",203.4,2200000,New,Proposed,38.16502297,-77.52949196,7/18/2025,38.16502297
Fluvanna County,Fluvanna Data Center Site,"0 BREMO ROAD, BREMO BLUFF, VA 23022",843,0,New,Proposed,37.72002082,-78.2759591,4/1/2026,37.72002082
Loudoun County,FARKAS PROPERTY REZONING,Gulick Mill Road near Creek Bend Place,87,0,New,Proposed,39.04299525,-77.56158852,4/24/2026,39.04299525
Fairfax County,Vienna Cloud,"7980 Quantum Dr, Tysons Corner",14.4,316230,Redevelopment,Proposed,38.9088114,-77.21963644,4/30/2026,38.9088114
Frederick County,Virginia Technology Park,"Rest Church Rd, Ruebuck Ln, west of 81",238.57,2350000,New,Proposed,39.28871465,-78.09252294,4/30/2026,39.28871465
Hanover County,VALCO Hanover County Four,"Winns Church Rd and Mountain Road, North of 295",427,2600000,New,Proposed,37.69753171,-77.54028723,4/30/2026,37.69753171
Spotsylvania County,Crossroads Technology Campus,"3215 EAGLE DR / 0 EAGLE DR / 0 BENCHMARK RD, Fredricksburg",633.27,2278500,New,Proposed,38.23053016,-77.44952437,5/27/2026,38.23053016
Chesterfield County,Old Bermuda Data Center,1931 Old Bermuda Hundred Road,89.3,792000,New,Proposed,37.33615639,-77.39486109,5/27/2026,37.33615639
Chesterfield County,Digital Drive,"1551 Digital Drive, Chester, VA",100.24,422000,New,Proposed,37.35596695,-77.33369766,5/27/2026,37.35596695
Chesterfield County,Project Gale,1250 BATTERY BROOKE PKWY,169.34,2388160,New,Proposed,37.39523978,-77.40818928,5/27/2026,37.39523978
